GROUP 1,GROUP 2,GROUP 3,GROUP 4,GROUP 5,GROUP 6,GROUP 7,GROUP 8
GROUP 1,GROUP 2,GROUP 3,GROUP 4,GROUP 5,GROUP 6,GROUP 7,GROUP 8
0xb1f72d694711fce55c62ea97bd3739ff11cef986 <-> 0xfab8b317625fc99a3989d894b1962f668101aec4 <-> 0xf84856531e2d89b438f7820630db02cdfb2ae69f <-> 0xfd5cf3a11baf13f2cdb5b1de5cc77f5fc122820c <-> 0xe3444be2085f4b2c7ae1b50b0980ad6a4c257017 <-> 0xf6cee0b7d093d3e716461da80be035da8080d754 <-> 0xacc9df058068c40e8d23978eb3dfad7edf8a2577 <-> 0xecc87f729b14d8b4680624fa1202b6463b0a963d <-> 0xddf67766823a949f0d5ed88c944a098f93c51535 <-> 0xeea62f22f176c0bcc4d21e9a3bf773e9eb20b9f6 <-> 0xe563bad50fcaef4767116d945e35b87ef5acc4f0,0xf3617ca6cce407ec241a2677d848a40cea010eb6 <-> 0xc02653eb61f94b8087f2023d1d322f6dfa99e305 <-> 0xaf4d6235d02e0cbf3293be0cf04e057527b76aa0 <-> 0xea4b9c1a425fb8bb80fa61ae4a26c6eb6d9cc692 <-> 0xd46be254ba17b15d4e3f160d72502d1403cf1767 <-> 0xc7e21219664b5e651fc866329a512292eabd0db9 <-> 0xbbf11059fa860875bfad8fc548f5dfd9815dffd4 <-> 0xba92966c22b748752d7a56335b68f29ae65aee0e <-> 0xf11000c0af08ea215fee37871abf3f73ee6b596e <-> 0xdbc5abf025b12686cce20bc0918c5b136352370e <-> 0xf0c05c2651d85485e951b9221b338764f510965e <-> 0xf6acd89d565aa66849adfac3283b496e51d9fb72 <-> 0xe93bd5ec5f9c7b0703afc9b3244249f65217bdfa <-> 0xe95c2382a17d5b0bf7d23b09847f7b999e610c13 <-> 0xd9b7419ae704eb58cbbcb071429968b8b80ddab8 <-> 0xad90929e4f37ec56378968735c6aa863405ba2cc <-> 0xc11b29f2d9b76076d73c825dabdee2a398dd69ed <-> 0xdcd20e40a1f8108418cdec0a192e1f46dbdbd4e6 <-> 0xc332d6608fdbb9612eafd4b4fac6ea5b9da7a47c <-> 0xc09cb0e8222af70719371ae8c5f08413ec15a1c1 <-> 0xca098a4e9c7d6c4e48549d11922ba57ecc42251d <-> 0xc26af59fc64592cb53b7ac31cf565730a7fef29e <-> 0xddac87fb3842c5c7cb09d1be8efec8a4e3c5f8d1,0xe356e7af80b8626a2b6ec11c32ad936c50a98a92 <-> 0xd4f20f43eef492a6cb117c698c0a1cbba42811e4 <-> 0xfe3766d4b8f8bf029d4fe4d355be152f9c67eb90 <-> 0xb2dd985116db690461fa28e03ba2a08a60af90a1 <-> 0xccbc524ebe1a9d7f0db3fbd10bc5c6e57768a28e <-> 0xfc40c02ad7ca76ac88c2dd771df729438b156c22 <-> 0xca1e6cce755f9b276ebcf60532e91b1d6804486d <-> 0xe4b8bd8cb10dbf3b152ae13cbf95ec8b869420e1 <-> 0xd2033db9c5370ac76abd80823b5c5adc097e2fbf <-> 0xd25891cfaf13c9ca8a102709261da2ffd0fb0a1f <-> 0xee525a275d1f54c22cccf1a3314f13c712d7f3a8 <-> 0xae4f582d6565acf294dd81c98099cc82bd710afd,0xbebc0630508158b197b33b569de2182208d7c710 <-> 0xfcbebca3f0fcfebadfa29bc18d68a15df0443b4c <-> 0xe2c1e72faa8830f07eb97b64ea853b0e808da9c2 <-> 0xb20f1af0afe6e156898e546fc47fc80b3d4b46da <-> 0xee1b945f3ac0c4fe4025afb8b344386fa30691c6 <-> 0xb8e82d8f9fd7cc4c5cd6c36c49818a7961f05e22 <-> 0xef014d7f301f746e2247a117ea187140bbc5d015 <-> 0xde0e35b1b8729322bbdf206b2509c536f460f65c <-> 0xcaff92d421a8e95bd12b23d0f17d5ff933a9e8b1 <-> 0xd907b69096acfd25652d0c0845f6f0ad4e65a97f <-> 0xc6373951b81364bac88c343bd0c4d97e0a7bbeaf <-> 0xaec7e30a3a9dca789752dd967c49035d6def34a2 <-> 0xecffb1457e399e102bb5c9a4706ce8773dcd157d,0xca6681620716414bbd33c05b6ca48d8827891774 <-> 0xeeee62ad51bcc3a132ee46316ba7b205c42b5828 <-> 0xeb406f09b2754e160e943efc4a7809ff0fdea34c <-> 0xe67109270c31ca6de5cc9bcd0019319de599319a <-> 0xc488563b3aa121f4b296ce56fde01ef256b0c440 <-> 0xc8118674ad7e628fab206fbd29f9cae3979d9876 <-> 0xea2580dc5537f859090902d729b0f2b78ae40b81 <-> 0xc930225ac080946f5e023bb48a9f693b3c6a0616 <-> 0xac3fb01af3f0aac688ec55e49f2904a98ebcd973 <-> 0xee4a6bda90c43ceeb7cf49fecb710ffe1b405997 <-> 0xb636000f3374a5d89c61133d57e97f84a808a66e,0xb51641a888474d1a3a6143a73bb3103e77f4c1ff <-> 0xfb795a6fbd4ce968b1b01c1b03773791f09f11d2 <-> 0xe26a627b0df144c028786639778b70353841227c <-> 0xbcb4f7bc993e72a61273febc0158e83348aaf1ab <-> 0xd489172699621381daa5dbf39bf8f566bf994e39 <-> 0xf5e086e61f0d335820cfd9a170abb21688728511 <-> 0xbebeca25c74ed85fbc90a813096537a588baa97e <-> 0xf42d5c2af43a905617d62e473f170a5b0c1dba87 <-> 0xcb36ef30f1184be7e3243d8507a45240539c7e49 <-> 0xdb394799a875dc36b92d5442076c1e57ca932d64 <-> 0xfcc1cdf16551491a624c6951634d8c70d3c77483 <-> 0xc616a9fe0fa9bf90e74eaf10fe1a73512c8f6c08,0xbaadc7aa3701c09d488af0e584a61a2e7e00748e <-> 0xdeabce8bcbf80a896baa08225dc1dbb5792658ac <-> 0xafda7fdacd7163c21175f2229dd3caadb6222bfb <-> 0xf4694312b3aec07171a3f6567710e714d8cb6d71 <-> 0xcf5d55b15b72cd0359801d1f5cd161f94e68ef74 <-> 0xca0eaa022c244740ec668aaca31adb008ee2aa33 <-> 0xb3a58807d7499030af4d15e32a555cfa8a396308 <-> 0xb8b1fbb57ea3520d8eb81228620cc29ddc38a884 <-> 0xd775fcac21c680b44a74408e79821de2775ff428 <-> 0xf3e0e32dae8ff691cd9b23b5465db57f3aa69875 <-> 0xb2564eedd2d812b190d164277c9057b89b2655db <-> 0xea20c39a67f1b52ba46ec14e532f79c659b9eea1 <-> 0xe4fa90d3124521a176df09120f7f424b200577c8 <-> 0xcf4507f76eaa340826a8359a981aa1a077e7f1b9 <-> 0xf2a1019766dbee12347eae8dbcdb4ce6edc80188,0xea10bd2317bd983df3395c84a29da95dd2f75fba <-> 0xb548ca04e97e544286008c1ba3d68e7d3ed682c3 <-> 0xb0350f8f3ce5e08f37274b24753ad704a4a8ae4a <-> 0xe58ea23bd88e7f341dab3d35dfeb923415f50e7f <-> 0xfb5b99035598326d6e82134981b83b5a8f37609d <-> 0xc560d89d663b31110e164354c6377d8845ed4db3 <-> 0xf56504049f99d2449aebe4ebc209eaf1daff2516 <-> 0xc38315ba4131692879575717ac3321dcdefbc169 <-> 0xec93b659682cfc176fbc6f070a427ca9751f07bb <-> 0xaafdd78af4f90ab649b94e5ef8430d27174a084c <-> 0xd04aa59f52d33e30a887cfb3c7dc1ea97ce06709
"hash: ""0x218ef29b471d66f2f64871319c2a5e6b7772c43c82dfd8abb28225a69c52ee06"" from: ""0xacc9df058068c40e8d23978eb3dfad7edf8a2577"" to: ""0xfab8b317625fc99a3989d894b1962f668101aec4"" tokenSymbol: ""ETH"" value: ""0.005""","hash: ""0xa62d457f4bc05b31227dd9ecd1775e4c5221ca95ebff2d842538b25f3b0d67f9"" from: ""0xddac87fb3842c5c7cb09d1be8efec8a4e3c5f8d1"" to: ""0xf0c05c2651d85485e951b9221b338764f510965e"" tokenSymbol: ""ETH"" value: ""0.014282660663927152""","hash: ""0xfa1d1a80c000258e852ad653486f6775a9ccb60f4ecb720bac0bdf62acc4acbb"" from: ""0xd2033db9c5370ac76abd80823b5c5adc097e2fbf"" to: ""0xd25891cfaf13c9ca8a102709261da2ffd0fb0a1f"" tokenSymbol: ""ETH"" value: ""0.001""","hash: ""0x212e736741b0caef5c0f75694ee7347375684e4b9d2c5d5f909fa3a127edf8e1"" from: ""0xde0e35b1b8729322bbdf206b2509c536f460f65c"" to: ""0xb20f1af0afe6e156898e546fc47fc80b3d4b46da"" tokenSymbol: ""ETH"" value: ""0.004""","hash: ""0x345c2016def2fcd4409bb2f72147a001a7927bbbc3eb0304f20e66001adff3d8"" from: ""0xee4a6bda90c43ceeb7cf49fecb710ffe1b405997"" to: ""0xc488563b3aa121f4b296ce56fde01ef256b0c440"" tokenSymbol: ""ETH"" value: ""0.0765977""","hash: ""0x05d165c68ea1ac8f92dcd3ed2fb07182e9db64dc1a5d149e83032e2e210790fe"" from: ""0xd489172699621381daa5dbf39bf8f566bf994e39"" to: ""0xfb795a6fbd4ce968b1b01c1b03773791f09f11d2"" tokenSymbol: ""ETH"" value: ""0.1002""","hash: ""0x134bd77f0002abb965ef82c26b9310b0a962ba34ca922587a069b4304209d784"" from: ""0xbaadc7aa3701c09d488af0e584a61a2e7e00748e"" to: ""0xf4694312b3aec07171a3f6567710e714d8cb6d71"" tokenSymbol: ""ETH"" value: ""0.21""","hash: ""0x9bad16553c01930ae9e3865385aaa45ad1f075dd125b75c1e156e6098b28fcdd"" from: ""0xc560d89d663b31110e164354c6377d8845ed4db3"" to: ""0xaafdd78af4f90ab649b94e5ef8430d27174a084c"" tokenSymbol: ""ETH"" value: ""0.271089"""
"hash: ""0xd1cb9749467aaf43b5325899a9272836974da1a69894a6ae7e6b7ff4217d4e86"" from: ""0xecc87f729b14d8b4680624fa1202b6463b0a963d"" to: ""0xfd5cf3a11baf13f2cdb5b1de5cc77f5fc122820c"" tokenSymbol: ""ETH"" value: ""0.025""","hash: ""0x108b2811a875a8d9936c3bf7260883cfcf1caa99bced10b22fcca4854030fbb1"" from: ""0xf0c05c2651d85485e951b9221b338764f510965e"" to: ""0xaf4d6235d02e0cbf3293be0cf04e057527b76aa0"" tokenSymbol: ""ETH"" value: ""0.020637""","hash: ""0x979ab03f69f99335aa9b1915c5719c210d3c2b03eb655764790f77d82a4efe85"" from: ""0xd2033db9c5370ac76abd80823b5c5adc097e2fbf"" to: ""0xd25891cfaf13c9ca8a102709261da2ffd0fb0a1f"" tokenSymbol: ""ETH"" value: ""0.01""","hash: ""0xc4853091bc38997c3cd9abd003c5d38e701e504e7364aaa3e66ebfb040e99d8a"" from: ""0xde0e35b1b8729322bbdf206b2509c536f460f65c"" to: ""0xee1b945f3ac0c4fe4025afb8b344386fa30691c6"" tokenSymbol: ""ETH"" value: ""0.004""","hash: ""0xf1318bd13c9fd8e6fbefaa877d1e370720b937df1a5cf0eacd39e5c39ad34f74"" from: ""0xea2580dc5537f859090902d729b0f2b78ae40b81"" to: ""0xc488563b3aa121f4b296ce56fde01ef256b0c440"" tokenSymbol: ""ETH"" value: ""0.0702523""","hash: ""0x6734bf9078fd17249bd7485435c301d10a76f766997ebad8d4b1f6c8c18d168e"" from: ""0xbebeca25c74ed85fbc90a813096537a588baa97e"" to: ""0xd489172699621381daa5dbf39bf8f566bf994e39"" tokenSymbol: ""ETH"" value: ""0.00053""","hash: ""0x1b75990e5d70cc40aba5e6fb985b11e77be8e0ff135fa9cef5c452998bff117f"" from: ""0xbaadc7aa3701c09d488af0e584a61a2e7e00748e"" to: ""0xf4694312b3aec07171a3f6567710e714d8cb6d71"" tokenSymbol: ""ETH"" value: ""0.2""","hash: ""0x03bdf5b04c10df552b3514985e19c3bf37888b8bf73120c234fe5bb4fb0ab770"" from: ""0xc560d89d663b31110e164354c6377d8845ed4db3"" to: ""0xf56504049f99d2449aebe4ebc209eaf1daff2516"" tokenSymbol: ""ETH"" value: ""0.05"""
"hash: ""0x87f4aa7e1a6962f29fc5f60eb562cff5836182dacb4d380726f944f7e9498920"" from: ""0xecc87f729b14d8b4680624fa1202b6463b0a963d"" to: ""0xe563bad50fcaef4767116d945e35b87ef5acc4f0"" tokenSymbol: ""ETH"" value: ""0.005""","hash: ""0xd6418ecae6c9256e1386d9d63697c8a3193a6344b6026133fef67264dacdedca"" from: ""0xdbc5abf025b12686cce20bc0918c5b136352370e"" to: ""0xaf4d6235d02e0cbf3293be0cf04e057527b76aa0"" tokenSymbol: ""ETH"" value: ""0.1945908499692864""","hash: ""0xc0f4456f13aa1d325e12f352474da61d74d057442294b6f059ace6af53309f2e"" from: ""0xae4f582d6565acf294dd81c98099cc82bd710afd"" to: ""0xd2033db9c5370ac76abd80823b5c5adc097e2fbf"" tokenSymbol: ""ETH"" value: ""0.08383426455529576""","hash: ""0x328552675e0fc1f291d8ce0aaaee6cc0d6419f4d3f7bd7973c5b7448cd6565c2"" from: ""0xde0e35b1b8729322bbdf206b2509c536f460f65c"" to: ""0xaec7e30a3a9dca789752dd967c49035d6def34a2"" tokenSymbol: ""ETH"" value: ""0.004""","hash: ""0x1a78e3d895fff8dc169cd3779b8e8de4540acbf5f4a842b247b7cf8cc6db5aac"" from: ""0xac3fb01af3f0aac688ec55e49f2904a98ebcd973"" to: ""0xeb406f09b2754e160e943efc4a7809ff0fdea34c"" tokenSymbol: ""ETH"" value: ""0.0801123""","hash: ""0x5a78f53f4c880843d8e22b659309c534aa16bf6c2f3f6c9872c42ecfee991f9a"" from: ""0xc616a9fe0fa9bf90e74eaf10fe1a73512c8f6c08"" to: ""0xfb795a6fbd4ce968b1b01c1b03773791f09f11d2"" tokenSymbol: ""ETH"" value: ""0.14796951222114893""","hash: ""0x57ea499ed390edb5cd6b1dc8d3c6d11e30ba597b35ec5c17d4a36283afbad28b"" from: ""0xbaadc7aa3701c09d488af0e584a61a2e7e00748e"" to: ""0xb3a58807d7499030af4d15e32a555cfa8a396308"" tokenSymbol: ""ETH"" value: ""0.21""","hash: ""0x7e145e69a888df074fbf7573dae65bd720b9a6459a01eb45d1dc22b6f4a6e28f"" from: ""0xc560d89d663b31110e164354c6377d8845ed4db3"" to: ""0xc38315ba4131692879575717ac3321dcdefbc169"" tokenSymbol: ""ETH"" value: ""0.01"""
"hash: ""0x4ab1e009b260321ec9e09bac2631ff0226b1496d55dfafdb816f3d24578d1733"" from: ""0xddf67766823a949f0d5ed88c944a098f93c51535"" to: ""0xfd5cf3a11baf13f2cdb5b1de5cc77f5fc122820c"" tokenSymbol: ""ETH"" value: ""0.005""","hash: ""0x102209431ba2e0a8dd078c24326df25d73842d1c82f676234aa6990136701fcd"" from: ""0xaf4d6235d02e0cbf3293be0cf04e057527b76aa0"" to: ""0xf3617ca6cce407ec241a2677d848a40cea010eb6"" tokenSymbol: ""ETH"" value: ""0.1958424190091438""","hash: ""0xcf518c2265f58fbc9a78b1bf5f6cbbc9dbe61a2e25d0459f6847a501e69196f0"" from: ""0xfc40c02ad7ca76ac88c2dd771df729438b156c22"" to: ""0xd2033db9c5370ac76abd80823b5c5adc097e2fbf"" tokenSymbol: ""ETH"" value: ""0.08420501645647746""","hash: ""0x094b156bb221b0fb13aaf59e1096219217e306015d12e23eb761c890541c3d0e"" from: ""0xde0e35b1b8729322bbdf206b2509c536f460f65c"" to: ""0xfcbebca3f0fcfebadfa29bc18d68a15df0443b4c"" tokenSymbol: ""ETH"" value: ""0.004""","hash: ""0x22b608ce34c539093c82a9443f014a8b736a9804e5f806ec02849da7d8539b52"" from: ""0xac3fb01af3f0aac688ec55e49f2904a98ebcd973"" to: ""0xc488563b3aa121f4b296ce56fde01ef256b0c440"" tokenSymbol: ""ETH"" value: ""0.0770249""","hash: ""0x4e25ded624f872ef2b00f842346bbb7400d5b6f579bfae9b401174be984c0d48"" from: ""0xb51641a888474d1a3a6143a73bb3103e77f4c1ff"" to: ""0xfb795a6fbd4ce968b1b01c1b03773791f09f11d2"" tokenSymbol: ""ETH"" value: ""0.15891689445627252""","hash: ""0xa87d6f2d4dbe554beae8fd1f3c1c46fdb81ea4598163865dc672abbbdd54401d"" from: ""0xbaadc7aa3701c09d488af0e584a61a2e7e00748e"" to: ""0xb3a58807d7499030af4d15e32a555cfa8a396308"" tokenSymbol: ""ETH"" value: ""0.15""","hash: ""0x5767f1b9c008464d8cec0e9cc101e083946d706f4d202274e216aa0a7b02561e"" from: ""0xc560d89d663b31110e164354c6377d8845ed4db3"" to: ""0xb548ca04e97e544286008c1ba3d68e7d3ed682c3"" tokenSymbol: ""ETH"" value: ""0.01"""
"hash: ""0xe4b6e856c3eea0e6d605d7b4ecea700e71194d7f49e0d3248921887b29fbeb46"" from: ""0xddf67766823a949f0d5ed88c944a098f93c51535"" to: ""0xfd5cf3a11baf13f2cdb5b1de5cc77f5fc122820c"" tokenSymbol: ""ETH"" value: ""0.002""","hash: ""0x8a7cd7acdffe14e0b4cc0a9e24cbe95278d2a103d140e1740739365a6962ff06"" from: ""0xaf4d6235d02e0cbf3293be0cf04e057527b76aa0"" to: ""0xf3617ca6cce407ec241a2677d848a40cea010eb6"" tokenSymbol: ""ETH"" value: ""0.04897405950527759""","hash: ""0x2f680591770906654a1eff6e0b533460d92f703f8638899c32ba15af9fcc6fad"" from: ""0xd25891cfaf13c9ca8a102709261da2ffd0fb0a1f"" to: ""0xd2033db9c5370ac76abd80823b5c5adc097e2fbf"" tokenSymbol: ""ETH"" value: ""0.001399382470213441""","hash: ""0x44229282c5cbd2a387b5812ea7f9f6c7cee92ea9852090cc8fe40d4e6a1c2c8f"" from: ""0xde0e35b1b8729322bbdf206b2509c536f460f65c"" to: ""0xb8e82d8f9fd7cc4c5cd6c36c49818a7961f05e22"" tokenSymbol: ""ETH"" value: ""0.003""","hash: ""0x200629f203176219f1730bd35402d9dd4797103147e2b41e4e5ebad0cf5acb65"" from: ""0xb636000f3374a5d89c61133d57e97f84a808a66e"" to: ""0xc488563b3aa121f4b296ce56fde01ef256b0c440"" tokenSymbol: ""ETH"" value: ""0.0808007597505402""","hash: ""0x9c045d6abe5f85534d6cbccaae63f6f58843bfc85357f528a9a10ed573188cf2"" from: ""0xf5e086e61f0d335820cfd9a170abb21688728511"" to: ""0xfb795a6fbd4ce968b1b01c1b03773791f09f11d2"" tokenSymbol: ""ETH"" value: ""0.17""","hash: ""0xb97ae3cbef0797283817ecfb3506668ac809d31cdce40e47986c3122e8889efc"" from: ""0xbaadc7aa3701c09d488af0e584a61a2e7e00748e"" to: ""0xea20c39a67f1b52ba46ec14e532f79c659b9eea1"" tokenSymbol: ""ETH"" value: ""0.15""","hash: ""0xb6cca6ee5178253c4bc353052a1116290bfaa2e39181281d1ec4a7415ad136fa"" from: ""0xc560d89d663b31110e164354c6377d8845ed4db3"" to: ""0xb0350f8f3ce5e08f37274b24753ad704a4a8ae4a"" tokenSymbol: ""ETH"" value: ""0.01"""
"hash: ""0x4f1664664429f327b439628d4a13e9c11d3d4a357e447552abc7a08f4ae0337a"" from: ""0xfd5cf3a11baf13f2cdb5b1de5cc77f5fc122820c"" to: ""0xddf67766823a949f0d5ed88c944a098f93c51535"" tokenSymbol: ""ETH"" value: ""0.015""","hash: ""0xd12b4248eb34f6dd8ff332886a07d510915032558b3040e2f297bcf398f4f021"" from: ""0xf3617ca6cce407ec241a2677d848a40cea010eb6"" to: ""0xaf4d6235d02e0cbf3293be0cf04e057527b76aa0"" tokenSymbol: ""ETH"" value: ""0.04833193876368514""","hash: ""0x4f9710c24917b8455652099d8384ed7f9d1c2906f9b1986365c7ca27cd449575"" from: ""0xd2033db9c5370ac76abd80823b5c5adc097e2fbf"" to: ""0xd25891cfaf13c9ca8a102709261da2ffd0fb0a1f"" tokenSymbol: ""ETH"" value: ""0.05""","hash: ""0x17aed511f42eb76790f279abce6bc1be3bbbb0e930db4cd0e1504043273729f7"" from: ""0xde0e35b1b8729322bbdf206b2509c536f460f65c"" to: ""0xc6373951b81364bac88c343bd0c4d97e0a7bbeaf"" tokenSymbol: ""ETH"" value: ""0.003""","hash: ""0x14d248a86f8fab364bb05c00f576588ee37f91227207fae7a1aa443e44da3284"" from: ""0xb636000f3374a5d89c61133d57e97f84a808a66e"" to: ""0xc488563b3aa121f4b296ce56fde01ef256b0c440"" tokenSymbol: ""ETH"" value: ""0.0715313""","hash: ""0x1e0190653503c31ce7e793e859fe92b8803145df07b842ebb902faa4548b56fd"" from: ""0xcb36ef30f1184be7e3243d8507a45240539c7e49"" to: ""0xfb795a6fbd4ce968b1b01c1b03773791f09f11d2"" tokenSymbol: ""ETH"" value: ""0.148""","hash: ""0x1ffbc429a0e08850acc4700a62d9608333f0f9c6769295d2f63edefc2e7c294e"" from: ""0xbaadc7aa3701c09d488af0e584a61a2e7e00748e"" to: ""0xb2564eedd2d812b190d164277c9057b89b2655db"" tokenSymbol: ""ETH"" value: ""0.21""","hash: ""0x445150a782c8b4e85f9e874c7b694b75d9db68e82da7d0e4988b54c3e729c447"" from: ""0xc560d89d663b31110e164354c6377d8845ed4db3"" to: ""0xd04aa59f52d33e30a887cfb3c7dc1ea97ce06709"" tokenSymbol: ""ETH"" value: ""0.01"""
"hash: ""0xcfcc2ad8222a8c83c9deedcd29f5473bd9853d658f69a078cdc61311be245315"" from: ""0xf84856531e2d89b438f7820630db02cdfb2ae69f"" to: ""0xe563bad50fcaef4767116d945e35b87ef5acc4f0"" tokenSymbol: ""ETH"" value: ""0.03""","hash: ""0xe6d9554b08f1ed399961fe7e6e00ed9800a17e0b61084cf308b0d562a3f42139"" from: ""0xc02653eb61f94b8087f2023d1d322f6dfa99e305"" to: ""0xc332d6608fdbb9612eafd4b4fac6ea5b9da7a47c"" tokenSymbol: ""ETH"" value: ""0.01156433""","hash: ""0x424c73c914e164f6925fe2e60fbcac35b272e255680a0a3726d546fe84de9201"" from: ""0xd2033db9c5370ac76abd80823b5c5adc097e2fbf"" to: ""0xd25891cfaf13c9ca8a102709261da2ffd0fb0a1f"" tokenSymbol: ""ETH"" value: ""0.0908135579670703""","hash: ""0xeaf57fc37a1f33569f064e7fd5788f49a8edfc75d77a9357e0f1b7143f06516c"" from: ""0xde0e35b1b8729322bbdf206b2509c536f460f65c"" to: ""0xef014d7f301f746e2247a117ea187140bbc5d015"" tokenSymbol: ""ETH"" value: ""0.003""","hash: ""0x8bafda615031034a3cb11324ddbc22f32eb53a9dfac1b6ae135df79a2969f66c"" from: ""0xe67109270c31ca6de5cc9bcd0019319de599319a"" to: ""0xc488563b3aa121f4b296ce56fde01ef256b0c440"" tokenSymbol: ""ETH"" value: ""0.12888""","hash: ""0x9100cf1cf80f7139715c734f3a30b657dbd1d7432ee642b58ca7b4d4d27d78c2"" from: ""0xdb394799a875dc36b92d5442076c1e57ca932d64"" to: ""0xfb795a6fbd4ce968b1b01c1b03773791f09f11d2"" tokenSymbol: ""ETH"" value: ""0.1""","hash: ""0x23596f7685b99af2a5169ab4d6364421ed5736d19dd7250fc71a4223bbb1d577"" from: ""0xbaadc7aa3701c09d488af0e584a61a2e7e00748e"" to: ""0xb2564eedd2d812b190d164277c9057b89b2655db"" tokenSymbol: ""ETH"" value: ""0.15""","hash: ""0xa083dc0d4e47e3bd703c2e6a8123bb9e97ebe06d35c8117a74bee3b27813ba9e"" from: ""0xc560d89d663b31110e164354c6377d8845ed4db3"" to: ""0xe58ea23bd88e7f341dab3d35dfeb923415f50e7f"" tokenSymbol: ""ETH"" value: ""0.01"""
"hash: ""0x8761a39cdc6bb020e0020498ab7847fe42295e8a8614a8d972f7aa18927e50a4"" from: ""0xb1f72d694711fce55c62ea97bd3739ff11cef986"" to: ""0xf6cee0b7d093d3e716461da80be035da8080d754"" tokenSymbol: ""ETH"" value: ""0.001""","hash: ""0x9e521723c058947c1b9cb3b278074376ddc89d6f36d52417ccf60a75e2665351"" from: ""0xf3617ca6cce407ec241a2677d848a40cea010eb6"" to: ""0xc02653eb61f94b8087f2023d1d322f6dfa99e305"" tokenSymbol: ""ETH"" value: ""0.19554842547264867""","hash: ""0x23b529d36c520b5be4079fe339dce9ee85b2c52abfa693978b39fba726973bd8"" from: ""0xb2dd985116db690461fa28e03ba2a08a60af90a1"" to: ""0xd2033db9c5370ac76abd80823b5c5adc097e2fbf"" tokenSymbol: ""ETH"" value: ""0.077511""","hash: ""0x8e90cb659a807cf2c3d5563af20a619c09e5dc84285f86728697618bc6bcb1e8"" from: ""0xde0e35b1b8729322bbdf206b2509c536f460f65c"" to: ""0xe2c1e72faa8830f07eb97b64ea853b0e808da9c2"" tokenSymbol: ""ETH"" value: ""0.003""","hash: ""0x35b60b3605ea8d64e5fe44e62f42ac7b6825f859d44bdd68af35d53c8b72988d"" from: ""0xe67109270c31ca6de5cc9bcd0019319de599319a"" to: ""0xc488563b3aa121f4b296ce56fde01ef256b0c440"" tokenSymbol: ""ETH"" value: ""0.0802345""","hash: ""0x4bb6a0c231c15eedead11ac04a139f4814e6695438fa77a6b6e53dfe41780bb5"" from: ""0xfcc1cdf16551491a624c6951634d8c70d3c77483"" to: ""0xfb795a6fbd4ce968b1b01c1b03773791f09f11d2"" tokenSymbol: ""ETH"" value: ""0.1002""","hash: ""0x7bce72ae2f0ae37d43038ea773b281a2a7309f8d36337e19eab59f03337c8b83"" from: ""0xbaadc7aa3701c09d488af0e584a61a2e7e00748e"" to: ""0xdeabce8bcbf80a896baa08225dc1dbb5792658ac"" tokenSymbol: ""ETH"" value: ""0.21""","hash: ""0xf57dc23265d651c16b697f4f78fa7bdfd9bf2fb7954a909016dcc8ad2205f47a"" from: ""0xc560d89d663b31110e164354c6377d8845ed4db3"" to: ""0xec93b659682cfc176fbc6f070a427ca9751f07bb"" tokenSymbol: ""ETH"" value: ""0.01"""
"hash: ""0x2d979d9010f12c38b1b9c03c2250c43590be6b8ea6b76bb9a4190588148d1cfa"" from: ""0xb1f72d694711fce55c62ea97bd3739ff11cef986"" to: ""0xf6cee0b7d093d3e716461da80be035da8080d754"" tokenSymbol: ""ETH"" value: ""0.001""","hash: ""0x195fc702de3fedd8007902f81cab7978a759cd6f3d331be2e03314f35dca2c89"" from: ""0xe93bd5ec5f9c7b0703afc9b3244249f65217bdfa"" to: ""0xc11b29f2d9b76076d73c825dabdee2a398dd69ed"" tokenSymbol: ""ETH"" value: ""0.03180277""","hash: ""0xb12df2c2663f7ed8128077f008f9a4199a1d26a1768c5e7def90e7e0de45ff1e"" from: ""0xd4f20f43eef492a6cb117c698c0a1cbba42811e4"" to: ""0xd2033db9c5370ac76abd80823b5c5adc097e2fbf"" tokenSymbol: ""ETH"" value: ""0.03""","hash: ""0x45d3c989ffe60d359845f180d4d5d5ef3ae84ce07df4498b38855454ba423c77"" from: ""0xfcbebca3f0fcfebadfa29bc18d68a15df0443b4c"" to: ""0xbebc0630508158b197b33b569de2182208d7c710"" tokenSymbol: ""ETH"" value: ""0.051""","hash: ""0xbd3bd8a9d01df11d6541563000e9413da88e82a94633fa533bacf9426feba574"" from: ""0xe67109270c31ca6de5cc9bcd0019319de599319a"" to: ""0xc488563b3aa121f4b296ce56fde01ef256b0c440"" tokenSymbol: ""ETH"" value: ""0.0719977""","hash: ""0x7464a7afd27b8b3abc657fbb0150c5596a1eba7b6538e57f28ff8a9f0eea01d4"" from: ""0xe26a627b0df144c028786639778b70353841227c"" to: ""0xfb795a6fbd4ce968b1b01c1b03773791f09f11d2"" tokenSymbol: ""ETH"" value: ""0.00333""","hash: ""0xdc3349cf8dcbd7c4f456169e96566728573f8a60233f1cc8792537bea228813c"" from: ""0xbaadc7aa3701c09d488af0e584a61a2e7e00748e"" to: ""0xcf4507f76eaa340826a8359a981aa1a077e7f1b9"" tokenSymbol: ""ETH"" value: ""0.21""","hash: ""0xf2189e9d2f2e35c8d0754033538d3d0c6fbf4b0595358ed08a8cc1ee5361c2b9"" from: ""0xc560d89d663b31110e164354c6377d8845ed4db3"" to: ""0xfb5b99035598326d6e82134981b83b5a8f37609d"" tokenSymbol: ""ETH"" value: ""0.01"""
"hash: ""0x9817ed9ad11259f26cb10e8c2d4582b2df5aa48699f0c4b189f0a92ac5a09077"" from: ""0xf6cee0b7d093d3e716461da80be035da8080d754"" to: ""0xb1f72d694711fce55c62ea97bd3739ff11cef986"" tokenSymbol: ""ETH"" value: ""0.006""","hash: ""0xb0d16f99223cf516557fe336dddb1d119b467e2acf49b7b050222e30a747691b"" from: ""0xc11b29f2d9b76076d73c825dabdee2a398dd69ed"" to: ""0xe95c2382a17d5b0bf7d23b09847f7b999e610c13"" tokenSymbol: ""ETH"" value: ""0.02525376""","hash: ""0xb238ba0838d3610623671e535489292c21625c94e6c275157e968d88a4397727"" from: ""0xd25891cfaf13c9ca8a102709261da2ffd0fb0a1f"" to: ""0xd2033db9c5370ac76abd80823b5c5adc097e2fbf"" tokenSymbol: ""ETH"" value: ""0.007""","hash: ""0x835fb5f3a6f981747cd01043c803ccef0c2bdf4d605cba0fb6e950fc80716e79"" from: ""0xe2c1e72faa8830f07eb97b64ea853b0e808da9c2"" to: ""0xbebc0630508158b197b33b569de2182208d7c710"" tokenSymbol: ""ETH"" value: ""0.001""","hash: ""0xca81f1fc179bab70a6e9bb11db7227b3844d891de2ed54bb65fccb44ae5c438e"" from: ""0xca6681620716414bbd33c05b6ca48d8827891774"" to: ""0xc488563b3aa121f4b296ce56fde01ef256b0c440"" tokenSymbol: ""ETH"" value: ""0.0656884""","hash: ""0x918a0165ebd42784600557566eb15b5dcb8c059f298f5a88904b6f8e887380c2"" from: ""0xcb36ef30f1184be7e3243d8507a45240539c7e49"" to: ""0xf42d5c2af43a905617d62e473f170a5b0c1dba87"" tokenSymbol: ""ETH"" value: ""33.03603641399833""","hash: ""0x63b3c204eb4f1f620a0c4c384ee82ef179127336322270b05c0994e962dfe88e"" from: ""0xbaadc7aa3701c09d488af0e584a61a2e7e00748e"" to: ""0xf2a1019766dbee12347eae8dbcdb4ce6edc80188"" tokenSymbol: ""ETH"" value: ""0.21""","hash: ""0x0a01d749cb845cfde6e900afa77392fdb223e9d1a993b05b049e9fce6d78c417"" from: ""0xc560d89d663b31110e164354c6377d8845ed4db3"" to: ""0xea10bd2317bd983df3395c84a29da95dd2f75fba"" tokenSymbol: ""ETH"" value: ""0.01"""
"hash: ""0x8d0ea265b7a5ed3f69ad86973dc250d43445f7d10ba75c24bf80748dddeec652"" from: ""0xf6cee0b7d093d3e716461da80be035da8080d754"" to: ""0xb1f72d694711fce55c62ea97bd3739ff11cef986"" tokenSymbol: ""ETH"" value: ""0.007""","hash: ""0x390c18f1abe1cfdcc9327ccd44484626fe6fe234b8e466ef6f974907a955a82c"" from: ""0xc11b29f2d9b76076d73c825dabdee2a398dd69ed"" to: ""0xc26af59fc64592cb53b7ac31cf565730a7fef29e"" tokenSymbol: ""ETH"" value: ""0.21671214825364823""","hash: ""0x2428b112b4919e157223f675a726857a5b756f573e21463d79f88a35559ca376"" from: ""0xd2033db9c5370ac76abd80823b5c5adc097e2fbf"" to: ""0xd25891cfaf13c9ca8a102709261da2ffd0fb0a1f"" tokenSymbol: ""ETH"" value: ""0.01""","hash: ""0xeac06a004e87a7acef1415cd5d966d52820804563114ca111742d0d639fe9352"" from: ""0xb20f1af0afe6e156898e546fc47fc80b3d4b46da"" to: ""0xe2c1e72faa8830f07eb97b64ea853b0e808da9c2"" tokenSymbol: ""ETH"" value: ""0.08""","hash: ""0x999f49b7a9580e204a715cca948ecd27957301a50aa4b4ac084d1c7020fe0ecc"" from: ""0xeeee62ad51bcc3a132ee46316ba7b205c42b5828"" to: ""0xc488563b3aa121f4b296ce56fde01ef256b0c440"" tokenSymbol: ""ETH"" value: ""0.1044""","hash: ""0xb20808ed9c4569e2556963a8a81220e6febd560c0cc6258e5f52e883c5365e10"" from: ""0xbcb4f7bc993e72a61273febc0158e83348aaf1ab"" to: ""0xe26a627b0df144c028786639778b70353841227c"" tokenSymbol: ""ETH"" value: ""1.8""","hash: ""0xa7d9b1c8e249a4ba38b9178caee8152da4cd4b8c417dea49e5b4a5c69b50332c"" from: ""0xbaadc7aa3701c09d488af0e584a61a2e7e00748e"" to: ""0xf2a1019766dbee12347eae8dbcdb4ce6edc80188"" tokenSymbol: ""ETH"" value: ""0.15""","hash: ""0x28c0b85f94b35b7e0319cd370961154af5faadbb610be71716674d1b7a6ade69"" from: ""0xc38315ba4131692879575717ac3321dcdefbc169"" to: ""0xec93b659682cfc176fbc6f070a427ca9751f07bb"" tokenSymbol: ""ETH"" value: ""0.001361"""
"hash: ""0xed482c419aa43c3d07cccb3263a35d5ae1f623ffa41b63ecfa29c02aa9c96ec5"" from: ""0xfd5cf3a11baf13f2cdb5b1de5cc77f5fc122820c"" to: ""0xb1f72d694711fce55c62ea97bd3739ff11cef986"" tokenSymbol: ""ETH"" value: ""0.4""","hash: ""0x4aa11586f5a9b912326608238f38a2f12f38f2d3e9637b9764c4cab9bf6db3d9"" from: ""0xf11000c0af08ea215fee37871abf3f73ee6b596e"" to: ""0xdcd20e40a1f8108418cdec0a192e1f46dbdbd4e6"" tokenSymbol: ""ETH"" value: ""0.018427""","hash: ""0x99cd05f26035b223ca824e03cdb3cffc2e65a450085f054b1faa1d0265651b9d"" from: ""0xd2033db9c5370ac76abd80823b5c5adc097e2fbf"" to: ""0xd4f20f43eef492a6cb117c698c0a1cbba42811e4"" tokenSymbol: ""ETH"" value: ""0.01""","hash: ""0x6d1c117057b5217a5851883f6c11a2bcf9f19c3c2dda60744820d0e6fc2afca1"" from: ""0xb20f1af0afe6e156898e546fc47fc80b3d4b46da"" to: ""0xe2c1e72faa8830f07eb97b64ea853b0e808da9c2"" tokenSymbol: ""ETH"" value: ""0.051""","hash: ""0xc9622ecbf2bdf8bf1ac9ba8e7fa13de2b40bcd0781e75ebee9d579aae2b40c64"" from: ""0xc8118674ad7e628fab206fbd29f9cae3979d9876"" to: ""0xc488563b3aa121f4b296ce56fde01ef256b0c440"" tokenSymbol: ""ETH"" value: ""0.11777""",,"hash: ""0x833a9376a7c50bdf09be863d7d5b64a56e740bee4fe7ca7ba88cf3c01e308f2e"" from: ""0xbaadc7aa3701c09d488af0e584a61a2e7e00748e"" to: ""0xe4fa90d3124521a176df09120f7f424b200577c8"" tokenSymbol: ""ETH"" value: ""0.21""","hash: ""0x90d66924e1c77d3e1629192e76c0720672016b3cfa1de7828b3d77475e4d0530"" from: ""0xec93b659682cfc176fbc6f070a427ca9751f07bb"" to: ""0xe58ea23bd88e7f341dab3d35dfeb923415f50e7f"" tokenSymbol: ""ETH"" value: ""0.117244"""
"hash: ""0xaaa2df36ba4e7a9b0ab4de06938a9ae1eca4d0d36ac05097110ed40435a02f2f"" from: ""0xacc9df058068c40e8d23978eb3dfad7edf8a2577"" to: ""0xb1f72d694711fce55c62ea97bd3739ff11cef986"" tokenSymbol: ""ETH"" value: ""0.35""","hash: ""0x4fe550d4ff58430f632bc022ef3ac6f176ebc0e5438a25b7a54cf7d9554196a8"" from: ""0xca098a4e9c7d6c4e48549d11922ba57ecc42251d"" to: ""0xf11000c0af08ea215fee37871abf3f73ee6b596e"" tokenSymbol: ""ETH"" value: ""0.1941144570564394""","hash: ""0xae3a1ae130ca083c8937f17643cd056a20609812a8030425fad4755047679d36"" from: ""0xd2033db9c5370ac76abd80823b5c5adc097e2fbf"" to: ""0xd25891cfaf13c9ca8a102709261da2ffd0fb0a1f"" tokenSymbol: ""ETH"" value: ""0.005""","hash: ""0x33610831e9cdd0a9904b7134e2ec81d83c4e2c80978c965affb87749b1c9d7cb"" from: ""0xee1b945f3ac0c4fe4025afb8b344386fa30691c6"" to: ""0xecffb1457e399e102bb5c9a4706ce8773dcd157d"" tokenSymbol: ""ETH"" value: ""0.08""","hash: ""0xcdf81df5431206332036e37cfa9b59946060511c2d0ec953e886bf057906d15e"" from: ""0xeb406f09b2754e160e943efc4a7809ff0fdea34c"" to: ""0xc488563b3aa121f4b296ce56fde01ef256b0c440"" tokenSymbol: ""ETH"" value: ""0.0658217""",,"hash: ""0x10bbfdf0e8d6996d771a342525032cbb398abee92dd905fad547aebab9e87eff"" from: ""0xbaadc7aa3701c09d488af0e584a61a2e7e00748e"" to: ""0xe4fa90d3124521a176df09120f7f424b200577c8"" tokenSymbol: ""ETH"" value: ""0.2""","hash: ""0x883ce9b183965ec06e31902e0fbd46895dc14c89af4d0ce242c5aa985aaba994"" from: ""0xe58ea23bd88e7f341dab3d35dfeb923415f50e7f"" to: ""0xec93b659682cfc176fbc6f070a427ca9751f07bb"" tokenSymbol: ""ETH"" value: ""0.024"""
"hash: ""0x59408bafbb9b62a41f70a6a55e92878416d360aa0691cc0f8ab39f8f51e6be42"" from: ""0xeea62f22f176c0bcc4d21e9a3bf773e9eb20b9f6"" to: ""0xacc9df058068c40e8d23978eb3dfad7edf8a2577"" tokenSymbol: ""ETH"" value: ""0.031""","hash: ""0x06142fa76af949597c3cf62b6146a825e5d8f31f351dacde12dc92b207a7f705"" from: ""0xf11000c0af08ea215fee37871abf3f73ee6b596e"" to: ""0xdbc5abf025b12686cce20bc0918c5b136352370e"" tokenSymbol: ""ETH"" value: ""0.1948848435057815""","hash: ""0xe81c031f6c31e085e89705fd2a70de71314a25010379f0ea333489a20dabf49d"" from: ""0xd2033db9c5370ac76abd80823b5c5adc097e2fbf"" to: ""0xd25891cfaf13c9ca8a102709261da2ffd0fb0a1f"" tokenSymbol: ""ETH"" value: ""0.01""","hash: ""0xd1b54c9b3a2648f58164399fc7aea09c93a5479a6cdbff9d30e7de4fd8484143"" from: ""0xee1b945f3ac0c4fe4025afb8b344386fa30691c6"" to: ""0xd907b69096acfd25652d0c0845f6f0ad4e65a97f"" tokenSymbol: ""ETH"" value: ""0.08""","hash: ""0xb77452f0ad44be4b80609631a745a053b0e422ff98b2e2f2ef258a0fd9f5159d"" from: ""0xc930225ac080946f5e023bb48a9f693b3c6a0616"" to: ""0xc488563b3aa121f4b296ce56fde01ef256b0c440"" tokenSymbol: ""ETH"" value: ""0.0835062""",,"hash: ""0x52201fa44e18f6d8127f63eabab2d288f071df89a0558cfdca4e9d4a2757f531"" from: ""0xbaadc7aa3701c09d488af0e584a61a2e7e00748e"" to: ""0xd775fcac21c680b44a74408e79821de2775ff428"" tokenSymbol: ""ETH"" value: ""0.21""","hash: ""0x2b03e6a245d3212354a2ce7ceb01fc550c0efe849cf7c1df07957a15cef2b936"" from: ""0xd04aa59f52d33e30a887cfb3c7dc1ea97ce06709"" to: ""0xec93b659682cfc176fbc6f070a427ca9751f07bb"" tokenSymbol: ""ETH"" value: ""0.024"""
"hash: ""0x0e3aa809d1743750707e8efd303e1140bb56ef65032458c9cfd490df15de8a36"" from: ""0xeea62f22f176c0bcc4d21e9a3bf773e9eb20b9f6"" to: ""0xf6cee0b7d093d3e716461da80be035da8080d754"" tokenSymbol: ""ETH"" value: ""0.0065""","hash: ""0x378c9904df3cd2328b505f3b337746b807aa6f17c7fb39aad7b1e7779e96330e"" from: ""0xf11000c0af08ea215fee37871abf3f73ee6b596e"" to: ""0xdbc5abf025b12686cce20bc0918c5b136352370e"" tokenSymbol: ""ETH"" value: ""0.04896349206896854""","hash: ""0x2ad58e46bd329dc4c852a47d803526ee0b13cf9bc35d2519b7a5cc1e57df3e58"" from: ""0xd25891cfaf13c9ca8a102709261da2ffd0fb0a1f"" to: ""0xd2033db9c5370ac76abd80823b5c5adc097e2fbf"" tokenSymbol: ""ETH"" value: ""0.012""","hash: ""0x5a6c34b93aada90779efd37f212ad3dc43fb30121153461e6de3793c580c585a"" from: ""0xee1b945f3ac0c4fe4025afb8b344386fa30691c6"" to: ""0xecffb1457e399e102bb5c9a4706ce8773dcd157d"" tokenSymbol: ""ETH"" value: ""0.051""","hash: ""0xd8228e68d2082878134a25452901ffa61bad2c8576007194ee471382270a7299"" from: ""0xeeee62ad51bcc3a132ee46316ba7b205c42b5828"" to: ""0xc488563b3aa121f4b296ce56fde01ef256b0c440"" tokenSymbol: ""ETH"" value: ""0.0769213""",,"hash: ""0x9b948226d062fa33285a42dcd740a735def8c32b5edcaadcdd31af95c94b82e8"" from: ""0xbaadc7aa3701c09d488af0e584a61a2e7e00748e"" to: ""0xcf5d55b15b72cd0359801d1f5cd161f94e68ef74"" tokenSymbol: ""ETH"" value: ""0.21""","hash: ""0xba1690df43d4850460a8e552a227ce398d7c7ec000653256ab64ac60389edc59"" from: ""0xd04aa59f52d33e30a887cfb3c7dc1ea97ce06709"" to: ""0xb0350f8f3ce5e08f37274b24753ad704a4a8ae4a"" tokenSymbol: ""ETH"" value: ""0.07548"""
"hash: ""0x62cea652296aef808af0878304aae2c5589ccbb86586b0a8a648b1f37a471af6"" from: ""0xacc9df058068c40e8d23978eb3dfad7edf8a2577"" to: ""0xe3444be2085f4b2c7ae1b50b0980ad6a4c257017"" tokenSymbol: ""ETH"" value: ""0.004""","hash: ""0x37bc3f20434e5d27ac832e778e94d269afda31b238dd424b313e75a0ce101b14"" from: ""0xdbc5abf025b12686cce20bc0918c5b136352370e"" to: ""0xf11000c0af08ea215fee37871abf3f73ee6b596e"" tokenSymbol: ""ETH"" value: ""0.048321755480448904""","hash: ""0x0d51d3e3fdedd1953dfae7dbaaff741440b0a7b87d3d6368e6de44913e833123"" from: ""0xd2033db9c5370ac76abd80823b5c5adc097e2fbf"" to: ""0xd25891cfaf13c9ca8a102709261da2ffd0fb0a1f"" tokenSymbol: ""ETH"" value: ""0.009""","hash: ""0x610581ec524e0648fb3baafee1b4a4a3d62cb504c94000f33ff4eb237d114029"" from: ""0xee1b945f3ac0c4fe4025afb8b344386fa30691c6"" to: ""0xd907b69096acfd25652d0c0845f6f0ad4e65a97f"" tokenSymbol: ""ETH"" value: ""0.051""","hash: ""0xc4e10b545cb549df713f110801af4a0a753d23f433197169e73c6ff283ad63d0"" from: ""0xc8118674ad7e628fab206fbd29f9cae3979d9876"" to: ""0xc488563b3aa121f4b296ce56fde01ef256b0c440"" tokenSymbol: ""ETH"" value: ""0.0838511""",,"hash: ""0xc1138ae8b503655422ced2a3ab1a7452423ef0ee71ed32e0f39c298764e12bde"" from: ""0xbaadc7aa3701c09d488af0e584a61a2e7e00748e"" to: ""0xafda7fdacd7163c21175f2229dd3caadb6222bfb"" tokenSymbol: ""ETH"" value: ""0.21""","hash: ""0x0da01885bbf37052158b3e7eb4dd40db9c025208a7e91809672e3c6cfa759eb9"" from: ""0xaafdd78af4f90ab649b94e5ef8430d27174a084c"" to: ""0xf56504049f99d2449aebe4ebc209eaf1daff2516"" tokenSymbol: ""ETH"" value: ""0.26147"""
,"hash: ""0x244f0eabad0b5eba54ade2b2715e372de98914abe7aa0a5a7b04b328678d8f4f"" from: ""0xad90929e4f37ec56378968735c6aa863405ba2cc"" to: ""0xba92966c22b748752d7a56335b68f29ae65aee0e"" tokenSymbol: ""ETH"" value: ""0.21196453479406996""","hash: ""0x2b767102b19d7cd4fff95efe9ea5b6d4ddbdf1678cb84f2b9cc4f7215404cef3"" from: ""0xd2033db9c5370ac76abd80823b5c5adc097e2fbf"" to: ""0xd25891cfaf13c9ca8a102709261da2ffd0fb0a1f"" tokenSymbol: ""ETH"" value: ""0.1""","hash: ""0x75427d6854c59f50075198d537c6f77c45712a2f36965f46d2dc3741a0552771"" from: ""0xaec7e30a3a9dca789752dd967c49035d6def34a2"" to: ""0xee1b945f3ac0c4fe4025afb8b344386fa30691c6"" tokenSymbol: ""ETH"" value: ""0.004""","hash: ""0x90441a5fd1308194601646b519993326dffd4f5714d14b60b88051ad94b4103e"" from: ""0xc930225ac080946f5e023bb48a9f693b3c6a0616"" to: ""0xeb406f09b2754e160e943efc4a7809ff0fdea34c"" tokenSymbol: ""ETH"" value: ""0.07797687815192914""",,"hash: ""0xd0126f731b984db286d7ee01f0155827a7671a3a4578e3bb967913da604b4bd6"" from: ""0xbaadc7aa3701c09d488af0e584a61a2e7e00748e"" to: ""0xb8b1fbb57ea3520d8eb81228620cc29ddc38a884"" tokenSymbol: ""ETH"" value: ""0.21""",
,"hash: ""0xad5318af134e9e1ac8397965aa24afb7f4a51e6d1992d2c52e94006cc7a73805"" from: ""0xba92966c22b748752d7a56335b68f29ae65aee0e"" to: ""0xe93bd5ec5f9c7b0703afc9b3244249f65217bdfa"" tokenSymbol: ""ETH"" value: ""0.2115819095966789""","hash: ""0x73a75776c1747bf3f647b8127c60149fb5fd9445d598422b70f55f2f3fba6792"" from: ""0xb2dd985116db690461fa28e03ba2a08a60af90a1"" to: ""0xd2033db9c5370ac76abd80823b5c5adc097e2fbf"" tokenSymbol: ""ETH"" value: ""0.081""","hash: ""0xcac269ffeda1644e03c03dfa1000fb66f6f13cf8a2b9f9ba7d8d884c4c5fe979"" from: ""0xaec7e30a3a9dca789752dd967c49035d6def34a2"" to: ""0xb20f1af0afe6e156898e546fc47fc80b3d4b46da"" tokenSymbol: ""ETH"" value: ""0.002""",,,"hash: ""0xb05b08cb9ffbb70d11081899ddbecf53cc2796fdd9f837399ccc04c301c1db80"" from: ""0xbaadc7aa3701c09d488af0e584a61a2e7e00748e"" to: ""0xf3e0e32dae8ff691cd9b23b5465db57f3aa69875"" tokenSymbol: ""ETH"" value: ""0.21""",
,"hash: ""0x676c26085525ffedbf0fbced267b1e9f402f022bd850e6fca45560e2ac0cf23a"" from: ""0xad90929e4f37ec56378968735c6aa863405ba2cc"" to: ""0xba92966c22b748752d7a56335b68f29ae65aee0e"" tokenSymbol: ""ETH"" value: ""0.0490125949074991""","hash: ""0xce27037442997ae345cb65451065d6a72232a8422f289b5d45ec1a0aff25cc5a"" from: ""0xd2033db9c5370ac76abd80823b5c5adc097e2fbf"" to: ""0xe4b8bd8cb10dbf3b152ae13cbf95ec8b869420e1"" tokenSymbol: ""ETH"" value: ""0.2""","hash: ""0xa24270992583fbe149736ba6ea42ca1a761bd57acf68068c1137f6db1a8fffd9"" from: ""0xaec7e30a3a9dca789752dd967c49035d6def34a2"" to: ""0xcaff92d421a8e95bd12b23d0f17d5ff933a9e8b1"" tokenSymbol: ""ETH"" value: ""0.08""",,,"hash: ""0x8a2f389a1e0438f37524e49919e1dda6b9bc7039d8155453a94d19d173de98f9"" from: ""0xbaadc7aa3701c09d488af0e584a61a2e7e00748e"" to: ""0xca0eaa022c244740ec668aaca31adb008ee2aa33"" tokenSymbol: ""ETH"" value: ""0.21""",
,"hash: ""0xd68c5bf6b46bd71a959e8033cc4c251488f5e0d3d35e11639ac48444fa67cee8"" from: ""0xba92966c22b748752d7a56335b68f29ae65aee0e"" to: ""0xad90929e4f37ec56378968735c6aa863405ba2cc"" tokenSymbol: ""ETH"" value: ""0.048368686131175814""","hash: ""0x531b17620e0fb08439494a5d158959a9d3f39fa54ccc36c458727e0da803767f"" from: ""0xd2033db9c5370ac76abd80823b5c5adc097e2fbf"" to: ""0xd25891cfaf13c9ca8a102709261da2ffd0fb0a1f"" tokenSymbol: ""ETH"" value: ""0.21""","hash: ""0xb67cfbd2e0a58e1fe94c508ad117ee2d08f7a8c0493c9aea59adaf8d6e8100ed"" from: ""0xaec7e30a3a9dca789752dd967c49035d6def34a2"" to: ""0xcaff92d421a8e95bd12b23d0f17d5ff933a9e8b1"" tokenSymbol: ""ETH"" value: ""0.051""",,,"hash: ""0xdd29b56eb67e3df31ebaf01c853ef5cf0913abc87d52b262f06b8beb9b175c4e"" from: ""0xbaadc7aa3701c09d488af0e584a61a2e7e00748e"" to: ""0xafda7fdacd7163c21175f2229dd3caadb6222bfb"" tokenSymbol: ""ETH"" value: ""0.15""",
,"hash: ""0x657bb102a2dbc582371bd2e1ee25071ef22b73d8de734a8f8f97065467c258e9"" from: ""0xc332d6608fdbb9612eafd4b4fac6ea5b9da7a47c"" to: ""0xc09cb0e8222af70719371ae8c5f08413ec15a1c1"" tokenSymbol: ""ETH"" value: ""0.21512809998779556""","hash: ""0xb3c85971d10237c6a4c73cf6990d168ae99e8e75d89c6bea03edbd108355826b"" from: ""0xd25891cfaf13c9ca8a102709261da2ffd0fb0a1f"" to: ""0xd2033db9c5370ac76abd80823b5c5adc097e2fbf"" tokenSymbol: ""ETH"" value: ""0.005""",,,,"hash: ""0x3431898aa070f51ae643c4c82e074311adee0e9f785b0dc6dac472ae52f46426"" from: ""0xbaadc7aa3701c09d488af0e584a61a2e7e00748e"" to: ""0xb8b1fbb57ea3520d8eb81228620cc29ddc38a884"" tokenSymbol: ""ETH"" value: ""0.15""",
,"hash: ""0x846b096e735cc0762af51bafc86e69defae2e942890bd5db7324d485799a2c28"" from: ""0xc09cb0e8222af70719371ae8c5f08413ec15a1c1"" to: ""0xd46be254ba17b15d4e3f160d72502d1403cf1767"" tokenSymbol: ""ETH"" value: ""0.21483410645130047""","hash: ""0x07d8bc54ec481699d3f5627977d6721708fd2267703ce7a8c9295808cd47ae68"" from: ""0xd2033db9c5370ac76abd80823b5c5adc097e2fbf"" to: ""0xd25891cfaf13c9ca8a102709261da2ffd0fb0a1f"" tokenSymbol: ""ETH"" value: ""0.01""",,,,"hash: ""0xb215c375c6f19002c63a56d4d2fa917d196f7fb3684afe62621df0b746a9a3bb"" from: ""0xbaadc7aa3701c09d488af0e584a61a2e7e00748e"" to: ""0xf3e0e32dae8ff691cd9b23b5465db57f3aa69875"" tokenSymbol: ""ETH"" value: ""0.2""",
,"hash: ""0xc83a675236b36ea55f57216229333068f5209c4ea2bfeae25b7e4b076fb8b098"" from: ""0xc332d6608fdbb9612eafd4b4fac6ea5b9da7a47c"" to: ""0xc09cb0e8222af70719371ae8c5f08413ec15a1c1"" tokenSymbol: ""ETH"" value: ""0.04906223822834904""","hash: ""0x497d1f2132da2f013f9ee12fcb4ce12d809557b716f796ed3b586bea3ce70340"" from: ""0xfe3766d4b8f8bf029d4fe4d355be152f9c67eb90"" to: ""0xe4b8bd8cb10dbf3b152ae13cbf95ec8b869420e1"" tokenSymbol: ""ETH"" value: ""0.08316808692179462""",,,,"hash: ""0x9dc22d223d2fb9d4e0ced2d6cdbd4aed12a1069f364ac3807fe748e811f13e89"" from: ""0xbaadc7aa3701c09d488af0e584a61a2e7e00748e"" to: ""0xca0eaa022c244740ec668aaca31adb008ee2aa33"" tokenSymbol: ""ETH"" value: ""0.2""",
,"hash: ""0x34a1ba7113272a8cca439536565bc51be2b7739c8c386b17513d69a6a4e99eb8"" from: ""0xc09cb0e8222af70719371ae8c5f08413ec15a1c1"" to: ""0xc332d6608fdbb9612eafd4b4fac6ea5b9da7a47c"" tokenSymbol: ""ETH"" value: ""0.04842968089018386""","hash: ""0xcae56fb76162e8b53f9a121629e6160a41e493fe50e920bd26e01f6517501353"" from: ""0xca1e6cce755f9b276ebcf60532e91b1d6804486d"" to: ""0xe4b8bd8cb10dbf3b152ae13cbf95ec8b869420e1"" tokenSymbol: ""ETH"" value: ""0.08208242007843514""",,,,"hash: ""0xe8d337c94759d1b2b79298163c6affff32915d8473983bbd16debffc7c439631"" from: ""0xbaadc7aa3701c09d488af0e584a61a2e7e00748e"" to: ""0xca0eaa022c244740ec668aaca31adb008ee2aa33"" tokenSymbol: ""ETH"" value: ""0.2""",
,"hash: ""0xb2bc56bc1afbecf9789ad6654bb0ed7713c991602c1ff7e7e99ecf08b1b60701"" from: ""0xc7e21219664b5e651fc866329a512292eabd0db9"" to: ""0xca098a4e9c7d6c4e48549d11922ba57ecc42251d"" tokenSymbol: ""ETH"" value: ""0.19442624216536206""","hash: ""0xfea40d2dafb29dedbc785d1eea76448dbb090516dc891ee3bf6c5e54c5a232dc"" from: ""0xb2dd985116db690461fa28e03ba2a08a60af90a1"" to: ""0xe4b8bd8cb10dbf3b152ae13cbf95ec8b869420e1"" tokenSymbol: ""ETH"" value: ""0.036144124391476795""",,,,,
,"hash: ""0x6b967d05c34a117ce2fb06c7d9dd546d88f30a1369bf62b2cf45d8ce9c3e2d5c"" from: ""0xc7e21219664b5e651fc866329a512292eabd0db9"" to: ""0xca098a4e9c7d6c4e48549d11922ba57ecc42251d"" tokenSymbol: ""ETH"" value: ""0.04896470768330962""","hash: ""0xd5b4955654acd0265e652180435bfaafd65df16d6c26d2bf36113bfde875ad8b"" from: ""0xb2dd985116db690461fa28e03ba2a08a60af90a1"" to: ""0xe4b8bd8cb10dbf3b152ae13cbf95ec8b869420e1"" tokenSymbol: ""ETH"" value: ""0.08494317734179886""",,,,,
,"hash: ""0x5d459bc7169a42996ad6d6477b65923177021ad8927b2b8f01e8d0c4d531120b"" from: ""0xca098a4e9c7d6c4e48549d11922ba57ecc42251d"" to: ""0xc7e21219664b5e651fc866329a512292eabd0db9"" tokenSymbol: ""ETH"" value: ""0.04832507638785385""","hash: ""0xf22a78b4f19350374e08fc255076fed796cbf731fe76111366bc9577287e0fc4"" from: ""0xb2dd985116db690461fa28e03ba2a08a60af90a1"" to: ""0xe4b8bd8cb10dbf3b152ae13cbf95ec8b869420e1"" tokenSymbol: ""ETH"" value: ""0.21398943312583193""",,,,,
,"hash: ""0x7179df400ea7a81d5d71382e50ee5624158e478ee46a69f3681d07c5f11a2ec2"" from: ""0xad90929e4f37ec56378968735c6aa863405ba2cc"" to: ""0xd46be254ba17b15d4e3f160d72502d1403cf1767"" tokenSymbol: ""ETH"" value: ""0.06425827""","hash: ""0x74868f3bc89307218f2e388c1087e2a84c4f3180aba87b79fcaeb265c6c7d953"" from: ""0xe4b8bd8cb10dbf3b152ae13cbf95ec8b869420e1"" to: ""0xca1e6cce755f9b276ebcf60532e91b1d6804486d"" tokenSymbol: ""ETH"" value: ""0.0005""",,,,,
,"hash: ""0x4e198db8fae5ca0a74a2dce462017fd32a3d455ffb5227a4528fbeff4900be43"" from: ""0xdcd20e40a1f8108418cdec0a192e1f46dbdbd4e6"" to: ""0xc332d6608fdbb9612eafd4b4fac6ea5b9da7a47c"" tokenSymbol: ""ETH"" value: ""0.0116335""","hash: ""0x5a9fcf78643ace6fbae4cfa6c3c6167b6c8370d67a5bb406bb4bca69ac8f6667"" from: ""0xe4b8bd8cb10dbf3b152ae13cbf95ec8b869420e1"" to: ""0xca1e6cce755f9b276ebcf60532e91b1d6804486d"" tokenSymbol: ""ETH"" value: ""0.0003""",,,,,
,"hash: ""0xe962c5e79fddd923e04c4924e9149b73b279e84e4aa1bed777105714090a3e5e"" from: ""0xdcd20e40a1f8108418cdec0a192e1f46dbdbd4e6"" to: ""0xea4b9c1a425fb8bb80fa61ae4a26c6eb6d9cc692"" tokenSymbol: ""ETH"" value: ""0.2143075339877953""","hash: ""0x6d79fa3643931e9ffb9d2f5ba5228a24ae6c277d096b58deca5d0f9d6a1fb890"" from: ""0xe4b8bd8cb10dbf3b152ae13cbf95ec8b869420e1"" to: ""0xe356e7af80b8626a2b6ec11c32ad936c50a98a92"" tokenSymbol: ""ETH"" value: ""0.0008""",,,,,
,"hash: ""0x0331698373daf0fcb64fa5c63e155412c999e1ae3b49278aa828202e04db664d"" from: ""0xdcd20e40a1f8108418cdec0a192e1f46dbdbd4e6"" to: ""0xea4b9c1a425fb8bb80fa61ae4a26c6eb6d9cc692"" tokenSymbol: ""ETH"" value: ""0.04897445672395561""","hash: ""0xbba4356b207ba90465e364805c7d03beefec18cc97daf405f82cc6108dc192f7"" from: ""0xe4b8bd8cb10dbf3b152ae13cbf95ec8b869420e1"" to: ""0xccbc524ebe1a9d7f0db3fbd10bc5c6e57768a28e"" tokenSymbol: ""ETH"" value: ""0.000552175""",,,,,
,"hash: ""0x6fa410b9411905e3f98434a4558515d5a2361e03aea1422d7958db56b8014339"" from: ""0xea4b9c1a425fb8bb80fa61ae4a26c6eb6d9cc692"" to: ""0xdcd20e40a1f8108418cdec0a192e1f46dbdbd4e6"" tokenSymbol: ""ETH"" value: ""0.048334790428908085""","hash: ""0x9f71c1e1261db029f31e762efaac4a2fa1e40027f8899af423e60dfd0ad3e9ff"" from: ""0xd25891cfaf13c9ca8a102709261da2ffd0fb0a1f"" to: ""0xfe3766d4b8f8bf029d4fe4d355be152f9c67eb90"" tokenSymbol: ""ETH"" value: ""0.23""",,,,,
,"hash: ""0x361cccf8d3ebeb90c9bd4574567c0953933ec12a8c33bdc5f46597835931c7c8"" from: ""0xea4b9c1a425fb8bb80fa61ae4a26c6eb6d9cc692"" to: ""0xc332d6608fdbb9612eafd4b4fac6ea5b9da7a47c"" tokenSymbol: ""ETH"" value: ""0.21400331941153625""","hash: ""0x2ac42e8705947f55d74fbfb3635832877ef216d084ef9eb4199f73dd309ecdab"" from: ""0xfe3766d4b8f8bf029d4fe4d355be152f9c67eb90"" to: ""0xca1e6cce755f9b276ebcf60532e91b1d6804486d"" tokenSymbol: ""ETH"" value: ""0.23079719207336033""",,,,,
,"hash: ""0x8ddb3511d892e6edbb1accf16367a558565361117f1d494667c3d759dafe749a"" from: ""0xddac87fb3842c5c7cb09d1be8efec8a4e3c5f8d1"" to: ""0xbbf11059fa860875bfad8fc548f5dfd9815dffd4"" tokenSymbol: ""ETH"" value: ""0.1951603705673222""","hash: ""0x0b5616ea40b0df4f09d8d2ec5954381b6879182b146d6e98ed0591f3bdb0eba4"" from: ""0xfe3766d4b8f8bf029d4fe4d355be152f9c67eb90"" to: ""0xca1e6cce755f9b276ebcf60532e91b1d6804486d"" tokenSymbol: ""ETH"" value: ""0.009""",,,,,
,"hash: ""0x1e22d9b9e8c7612a6d928a18562b7e3990c6291d3e72dbdffd0829727ee4ef86"" from: ""0xddac87fb3842c5c7cb09d1be8efec8a4e3c5f8d1"" to: ""0xbbf11059fa860875bfad8fc548f5dfd9815dffd4"" tokenSymbol: ""ETH"" value: ""0.04892822620135607""","hash: ""0x4b758d33e7443c7652c07d2142a9be05104ba537bd34625bc37b52b846235ce0"" from: ""0xd25891cfaf13c9ca8a102709261da2ffd0fb0a1f"" to: ""0xca1e6cce755f9b276ebcf60532e91b1d6804486d"" tokenSymbol: ""ETH"" value: ""0.4""",,,,,
,"hash: ""0x82b0301fe99236d9819228903a9d045d45ded472d0a72496a6be04318521fcc7"" from: ""0xbbf11059fa860875bfad8fc548f5dfd9815dffd4"" to: ""0xddac87fb3842c5c7cb09d1be8efec8a4e3c5f8d1"" tokenSymbol: ""ETH"" value: ""0.04828793939207334""","hash: ""0xe9ce523f776d0c169ccc387c1c4b6e751cb9dddf5258b6b59f8a4f4aea9d4d1b"" from: ""0xca1e6cce755f9b276ebcf60532e91b1d6804486d"" to: ""0xe356e7af80b8626a2b6ec11c32ad936c50a98a92"" tokenSymbol: ""ETH"" value: ""0.4008410850650849""",,,,,
,"hash: ""0xbdb287ddbc9953b0ac361cba4d9c22e31d34f50d56f7701a52d14536547f8d63"" from: ""0xe95c2382a17d5b0bf7d23b09847f7b999e610c13"" to: ""0xc26af59fc64592cb53b7ac31cf565730a7fef29e"" tokenSymbol: ""ETH"" value: ""0.1993104177508834""","hash: ""0xc620b5936ef930254f82c60452dca961fa84de147d6babda5a86b55e8d2b907e"" from: ""0xd25891cfaf13c9ca8a102709261da2ffd0fb0a1f"" to: ""0xd4f20f43eef492a6cb117c698c0a1cbba42811e4"" tokenSymbol: ""ETH"" value: ""0.25""",,,,,
,"hash: ""0x337b530e9890c7d8e013f48902583627b1a4ea8c34a56fb8064d1c111c0d1c24"" from: ""0xe93bd5ec5f9c7b0703afc9b3244249f65217bdfa"" to: ""0xc26af59fc64592cb53b7ac31cf565730a7fef29e"" tokenSymbol: ""ETH"" value: ""0.0""","hash: ""0x2171622cc11dd62d0d5b06f63a7a8d2ab4de5d96bffaf533433f6ceb458e6475"" from: ""0xd25891cfaf13c9ca8a102709261da2ffd0fb0a1f"" to: ""0xee525a275d1f54c22cccf1a3314f13c712d7f3a8"" tokenSymbol: ""ETH"" value: ""0.005""",,,,,
,"hash: ""0x8386de3b71f3319799f2c5e548c9465fd73df97a9223352e19c75537e3beda8b"" from: ""0xe93bd5ec5f9c7b0703afc9b3244249f65217bdfa"" to: ""0xc26af59fc64592cb53b7ac31cf565730a7fef29e"" tokenSymbol: ""ETH"" value: ""0.21217199746782847""","hash: ""0x85d7084c40aab32404a2896bcd03e06e9ff86173f5c7c86250d69792254d0e41"" from: ""0xd25891cfaf13c9ca8a102709261da2ffd0fb0a1f"" to: ""0xe356e7af80b8626a2b6ec11c32ad936c50a98a92"" tokenSymbol: ""ETH"" value: ""0.001""",,,,,
,"hash: ""0x7508cdbe9f6ada91b233d8af9e52c32e5142b57296b2cf50e7af069321acce61"" from: ""0xc26af59fc64592cb53b7ac31cf565730a7fef29e"" to: ""0xf6acd89d565aa66849adfac3283b496e51d9fb72"" tokenSymbol: ""ETH"" value: ""0.1""","hash: ""0x73a3e09c9732eb6f8c27c8651baea683dd5c3e57164b97941b29b8e10fb41ed4"" from: ""0xd25891cfaf13c9ca8a102709261da2ffd0fb0a1f"" to: ""0xfc40c02ad7ca76ac88c2dd771df729438b156c22"" tokenSymbol: ""ETH"" value: ""0.1""",,,,,
,"hash: ""0xd9d33dedd4fb5d1c1c4c6b7779b311c7a55aa80e8cdddd96be5f18d342a31f23"" from: ""0xf6acd89d565aa66849adfac3283b496e51d9fb72"" to: ""0xc26af59fc64592cb53b7ac31cf565730a7fef29e"" tokenSymbol: ""ETH"" value: ""0.09986973143921078""","hash: ""0x349d71a6bf99a6e7d1b93f2dbcd7e0bb1aa88c6fe59a3d325ebc06ed2b8554c7"" from: ""0xd4f20f43eef492a6cb117c698c0a1cbba42811e4"" to: ""0xe356e7af80b8626a2b6ec11c32ad936c50a98a92"" tokenSymbol: ""ETH"" value: ""0.04237074464660946""",,,,,
,"hash: ""0x6a1c3b4b9db49a5f7b8f7cd35b0b9ad9c39bb03122c9d123735dabedd12c5706"" from: ""0xd9b7419ae704eb58cbbcb071429968b8b80ddab8"" to: ""0xe95c2382a17d5b0bf7d23b09847f7b999e610c13"" tokenSymbol: ""ETH"" value: ""0.1982509015542829""","hash: ""0x94c60ec1a53673d7582b45ec2a34b19c52fbbd2b5ecf0a51c08eaac2ee128e66"" from: ""0xd4f20f43eef492a6cb117c698c0a1cbba42811e4"" to: ""0xe356e7af80b8626a2b6ec11c32ad936c50a98a92"" tokenSymbol: ""ETH"" value: ""0.08755110066739773""",,,,,
,,"hash: ""0xf47f4e8d681db1e0647330fc7f3bba5e3ea5e2f2d0751f8eee0c032536e5b68c"" from: ""0xd4f20f43eef492a6cb117c698c0a1cbba42811e4"" to: ""0xe356e7af80b8626a2b6ec11c32ad936c50a98a92"" tokenSymbol: ""ETH"" value: ""0.016085890943734246""",,,,,
,,"hash: ""0xfb0baeb36c525d550c1cf925b0e40c40979891c85029ffacbe57c7b6a562a9f7"" from: ""0xd4f20f43eef492a6cb117c698c0a1cbba42811e4"" to: ""0xe356e7af80b8626a2b6ec11c32ad936c50a98a92"" tokenSymbol: ""ETH"" value: ""0.045""",,,,,
,,"hash: ""0x71e9c47b27198536425a21a617fc910920256d7d5c5abea0bc21377c4eb51679"" from: ""0xd4f20f43eef492a6cb117c698c0a1cbba42811e4"" to: ""0xe356e7af80b8626a2b6ec11c32ad936c50a98a92"" tokenSymbol: ""ETH"" value: ""0.01""",,,,,
,,"hash: ""0x5ac9bf0880cdea941ef2c3ccff9bf684005440cfc5014364c7fb1b5a09f7c702"" from: ""0xd4f20f43eef492a6cb117c698c0a1cbba42811e4"" to: ""0xe356e7af80b8626a2b6ec11c32ad936c50a98a92"" tokenSymbol: ""ETH"" value: ""0.008""",,,,,
,,"hash: ""0x5649fb2b8c616a2314f9dffd39cdfb697220b57c013876e3233e4de4adf1681d"" from: ""0xd4f20f43eef492a6cb117c698c0a1cbba42811e4"" to: ""0xe356e7af80b8626a2b6ec11c32ad936c50a98a92"" tokenSymbol: ""ETH"" value: ""0.393""",,,,,
,,"hash: ""0x7368959e13e99c48c79a5154831c6ac6acfbfc0e9230b72b81448880f2f5b022"" from: ""0xd4f20f43eef492a6cb117c698c0a1cbba42811e4"" to: ""0xe356e7af80b8626a2b6ec11c32ad936c50a98a92"" tokenSymbol: ""ETH"" value: ""0.106""",,,,,
,,"hash: ""0x38c0f9422d587624fab451d345232785b6013aba62aff2bae4a31b214af186fd"" from: ""0xe356e7af80b8626a2b6ec11c32ad936c50a98a92"" to: ""0xd4f20f43eef492a6cb117c698c0a1cbba42811e4"" tokenSymbol: ""ETH"" value: ""0.0002""",,,,,
,,"hash: ""0x942621788e9fe83ba832a44f4ecc7da0d4d140bc0ccba766aa8f315d166bd345"" from: ""0xccbc524ebe1a9d7f0db3fbd10bc5c6e57768a28e"" to: ""0xb2dd985116db690461fa28e03ba2a08a60af90a1"" tokenSymbol: ""ETH"" value: ""0.03765445110866641""",,,,,
,,"hash: ""0xc52485471bd4b5d0ee5dfab99057165717ea00daec7ec9f545abe19ef1e2184b"" from: ""0xccbc524ebe1a9d7f0db3fbd10bc5c6e57768a28e"" to: ""0xb2dd985116db690461fa28e03ba2a08a60af90a1"" tokenSymbol: ""ETH"" value: ""0.0855949855076407""",,,,,
,,"hash: ""0xa0bde212ea0056f5f46da47f89ba1b3d7348278bea5ff43a254a4cef0429a769"" from: ""0xccbc524ebe1a9d7f0db3fbd10bc5c6e57768a28e"" to: ""0xb2dd985116db690461fa28e03ba2a08a60af90a1"" tokenSymbol: ""ETH"" value: ""0.2653375730837124""",,,,,
,,"hash: ""0x7727e9664fae74d2e633dc41601d5403911365783fc0737aad8f999632616a60"" from: ""0xccbc524ebe1a9d7f0db3fbd10bc5c6e57768a28e"" to: ""0xb2dd985116db690461fa28e03ba2a08a60af90a1"" tokenSymbol: ""ETH"" value: ""0.037""",,,,,
,,"hash: ""0x99078d5034eefb3021e73cfc7100ca26a12968997aa80b062661a03d7971d642"" from: ""0xccbc524ebe1a9d7f0db3fbd10bc5c6e57768a28e"" to: ""0xb2dd985116db690461fa28e03ba2a08a60af90a1"" tokenSymbol: ""ETH"" value: ""0.009""",,,,,
,,"hash: ""0x9d9606f5eec98209d8b04371eab6fdc43179b74ab480e056e61d90a1b2b34f28"" from: ""0xccbc524ebe1a9d7f0db3fbd10bc5c6e57768a28e"" to: ""0xb2dd985116db690461fa28e03ba2a08a60af90a1"" tokenSymbol: ""ETH"" value: ""0.16""",,,,,
,,"hash: ""0x70ba07eaf74635d6640733aec184ef6b5ee7da1c27ae0ecafd4b2d9fcea2875d"" from: ""0xccbc524ebe1a9d7f0db3fbd10bc5c6e57768a28e"" to: ""0xb2dd985116db690461fa28e03ba2a08a60af90a1"" tokenSymbol: ""ETH"" value: ""0.043""",,,,,
,,"hash: ""0xb173652c96ac6b405dfe8aba6308130a36a474c98071c0eda54061452c37ca01"" from: ""0xd4f20f43eef492a6cb117c698c0a1cbba42811e4"" to: ""0xee525a275d1f54c22cccf1a3314f13c712d7f3a8"" tokenSymbol: ""ETH"" value: ""0.12029443433630041""",,,,,
,,"hash: ""0xa98fb63d09ecc152b62c52c3d0a2c52c4cc86d2f084511a0a923fdb5f063bf13"" from: ""0xee525a275d1f54c22cccf1a3314f13c712d7f3a8"" to: ""0xd4f20f43eef492a6cb117c698c0a1cbba42811e4"" tokenSymbol: ""ETH"" value: ""0.001""",,,,,
,,"hash: ""0xadde5da82b30f6cb4e7aa3d8a6ba45a6c566d4e12a4db5066109b4d094fcec74"" from: ""0xee525a275d1f54c22cccf1a3314f13c712d7f3a8"" to: ""0xd4f20f43eef492a6cb117c698c0a1cbba42811e4"" tokenSymbol: ""ETH"" value: ""0.0003""",,,,,
